tag1,tag2,tag3,tag4,tag5,tag6,ch,2018,2019,2020,2021,2022,2023,2024,2025
@,首都机场线,,,,,2号航站楼,Terminal 2,Terminal 2,Terminal 2,2 Hɑo Hɑngzhɑnlou (Terminal 2),2 Hao Hangzhanlou (Terminal 2),2 Hao Hangzhanlou (Terminal 2),2 Hao Hangzhanlou (Terminal 2),2 Hao Hangzhanlou (Terminal 2)
@,首都机场线,,,,,3号航站楼,Terminal 3,Terminal 3,Terminal 3,3 Hɑo Hɑngzhɑnlou (Terminal 3),3 Hao Hangzhanlou (Terminal 3),3 Hao Hangzhanlou (Terminal 3),3 Hao Hangzhanlou (Terminal 3),3 Hao Hangzhanlou (Terminal 3)
A,8号线,,,,,安德里北街,ANDELIBEIJIE,ANDELIBEIJIE,Andeli Beijie,Andeli Beijie,Andeli Beijie,Andeli Beijie,Andeli Beijie,Andeli Beijie
A,2号线,,,,,安定门,ANDINGMEN,ANDINGMEN,Anding Men,Andingmen,Anding Men,Anding Men,Anding Men,Anding Men
A,4号线大兴线,,,,,安河桥北,ANHEQIAO North,ANHEQIAO North,Anheqiao Bei (N),Anheqiɑobei,Anheqiao Bei (N),Anheqiao Bei (N),Anheqiao Bei (N),Anheqiao Bei (N)
A,8号线,12号线,,,,安华桥,ANHUAQIAO,ANHUAQIAO,Anhua Qiao,Anhuɑqiɑo,Anhua Qiao,Anhua Qiao,Anhua Qiao,Anhua Qiao
A,15号线,,,,,安立路,ANLILU,ANLILU,Anli Lu,Anli Lu,Anli Lu,Anli Lu,Anli Lu,Anli Lu
A,10号线,,,,,安贞门,ANZHENMEN,ANZHENMEN,Anzhen Men,Anzhenmen,Anzhenmen,Anzhenmen,Anzhenmen,Anzhenmen
A,12号线,,,,,安贞桥,\,\,\,\,\,\,Anzhen Qiao,Anzhen Qiao
A,8号线,15号线,,,,奥林匹克公园,Olympic Green,Olympic Green,Olympic Park,Aolinpike Gongyuɑn (Olympic Park),Aolinpike Gongyuan (Olympic Park),Aolinpike Gongyuan (Olympic Park),Aolinpike Gongyuan (Olympic Park),Aolinpike Gongyuan (Olympic Park)
A,8号线,,,,,奥体中心,Olympic Sports Center,Olympic Sports Center,Olympic Sports Center,Aoti Zhongxin (Olympic Sports Center),Aoti Zhongxin (Olympic Sports Center),Aoti Zhongxin (Olympic Sports Center),Aoti Zhongxin (Olympic Sports Center),Aoti Zhongxin (Olympic Sports Center)
B,1号线八通线,,,,,八宝山,BABAOSHAN,BABAOSHAN,Babaoshan,Bɑbɑoshɑn,Babaoshan,Babaoshan,Babaoshan,Babaoshan
B,1号线八通线,,,,,八角游乐园,BAJIAO Amusement Park,BAJIAO Amusement Park,Bajiao Amusement Park,Bɑjiɑo Youleyuɑn,Bajiao Amusement Park,Bajiao Amusement Park,Bajiao Amusement Park,Bajiao Amusement Park
B,1号线八通线,,,,,八里桥,BALIQIAO,Ba Li Qiao,Bali Qiao,Bɑliqiɑo,Bali Qiao,Bali Qiao,Bali Qiao,Bali Qiao
B,10号线,西郊线,,,,巴沟,BAGOU,BAGOU,Bagou,Bɑgou,Bagou,Bagou,Bagou,Bagou
B,9号线,,,,,白堆子,BAIDUIZI,BAIDUIZI,Baiduizi,Bɑiduizi,Baiduizi,Baiduizi,Baiduizi,Baiduizi
B,房山线,,,,,白盆窑,\,\,Baipenyao,Bɑipenyɑo,Baipenyao,Baipenyao,Baipenyao,Baipenyao
B,6号线,9号线,,,,白石桥南,BAISHIQIAO South,BAISHIQIAO South,Baishiqiao Nan (S),Bɑishiqiɑonɑn,Baishiqiaonan,Baishiqiaonan,Baishiqiaonan,Baishiqiaonan
B,7号线,,,,,百子湾,BAIZIWAN,Bai Zi Wan,Baiziwan,Bɑiziwɑn,Baiziwan,Baiziwan,Baiziwan,Baiziwan
B,16号线,,,,,北安河,BEIANHE,BEIANHE,Bei'anhe,Bei'ɑnhe,Bei'anhe,Bei'anhe,Bei'anhe,Bei'anhe
B,14号线,,,,,北工大西门,BEIGONGDA XIMEN,BEIGONGDA XIMEN,Beijing Univ. of Tech. West Gate,Beigongdɑ Ximen (Beijing Univ. of Tech. West Gate),Beijing Univ. of Tech. West Gate,Beijing Univ. of Tech. West Gate,Beijing Univ. of Tech. West Gate,Beijing Univ. of Tech. West Gate
B,4号线大兴线,,,,,北宫门,BEIGONGMEN,BEIGONGMEN,Beigongmen,Beigongmen,Beigongmen,Beigongmen,Beigongmen,Beigongmen
B,6号线,,,,,北海北,BEIHAI North,BEIHAI North,Beihai Bei (N),Beihɑibei,Beihai Bei (N),Beihai Bei (N),Beihai Bei (N),Beihai Bei (N)
B,4号线大兴线,,,,,北京大学东门,East Gate of Peking University,East Gate of Peking University,Peking Univ. East Gate,Beijing Dɑxue Dongmen (Peking Univ. East Gate),Peking Univ. East Gate,Peking Univ. East Gate,Peking Univ. East Gate,Peking Univ. East Gate
B,4号线大兴线,14号线,,,,北京南站,Beijing South Railway Station,Beijing South Railway Station,Beijing South Railway Station,Beijingnɑn Zhɑn (Beijing South Railway Station),Beijingnan Zhan (Beijing South Railway Station),Beijingnan Zhan (Beijing South Railway Station),Beijingnan Zhan (Beijing South Railway Station),Beijingnan Zhan (Beijing South Railway Station)
B,7号线,9号线,,,,北京西站,Beijing West Railway Station,Beijing West Railway Station,Beijing West Railway Station,Beijingxi Zhɑn (Beijing West Railway Station),Beijingxi Zhan (Beijing West Railway Station),Beijingxi Zhan (Beijing West Railway Station),Beijingxi Zhan (Beijing West Railway Station),Beijingxi Zhan (Beijing West Railway Station)
B,2号线,,,,,北京站,Beijing Railway Station,Beijing Railway Station,Beijing Railway Station,Beijing Zhɑn (Beijing Railway Station),Beijing Zhan (Beijing Railway Station),Beijing Zhan (Beijing Railway Station),Beijing Zhan (Beijing Railway Station),Beijing Zhan (Beijing Railway Station)
B,15号线,,,,,北沙滩,BEISHATAN,BEISHATAN,Beishatan,Beishɑtɑn,Beishatan,Beishatan,Beishatan,Beishatan
B,昌平线,,,,,北邵洼,BEISHAOWA,BEISHAOWA,Beishaowa,Beishɑowɑ,Beishaowa,Beishaowa,Beishaowa,Beishaowa
B,17号线,,,,,北神树,\,\,\,Beishenshu,Beishenshu,Beishenshu,Beishenshu,Beishenshu
B,12号线,19号线,,,,北太平庄,\,\,\,Beitɑipingzhuɑng,Beitaipingzhuang,Beitaipingzhuang,Beitaipingzhuang,Beitaipingzhuang
B,8号线,10号线,,,,北土城,BEITUCHENG,BEITUCHENG,Beitucheng,Beitucheng,Beitucheng,Beitucheng,Beitucheng,Beitucheng
B,11号线,,,,,北辛安,\,\,\,Beixin'ɑn,Beixin'an,Beixin'an,Beixin'an,Beixin'an
B,5号线,首都机场线,,,,北新桥,BEIXINQIAO,BEIXINQIAO,Beixinqiao,Beixinqiɑo,Beixinqiao,Beixinqiao,Beixinqiao,Beixinqiao
B,13号线,,,,,北苑,BEIYUAN,BEIYUAN,Bei Yuan,Beiyuɑn,Bei Yuan,Bei Yuan,Bei Yuan,Bei Yuan
B,5号线,,,,,北苑路北,BEIYUANLU North,BEIYUANLU North,Beiyuanlu Bei (N),Beiyuɑnlubei,Beiyuanlu Bei (N),Beiyuanlu Bei (N),Beiyuanlu Bei (N),Beiyuanlu Bei (N)
B,6号线,,,,,北运河东,BEIYUNHE East,BEIYUNHE East,Beiyunhe Dong (E),Beiyunhedong,Beiyunhe Dong (E),Beiyunhe Dong (E),Beiyunhe Dong (E),Beiyunhe Dong (E)
B,6号线,,,,,北运河西,BEIYUNHE West,BEIYUNHE West,Beiyunhe Xi (W),Beiyunhexi,Beiyunhe Xi (W),Beiyunhe Xi (W),Beiyunhe Xi (W),Beiyunhe Xi (W)
C,14号线,,,,,菜户营,\,\,\,Cɑihuying,Caihuying,Caihuying,Caihuying,Caihuying
C,4号线大兴线,7号线,,,,菜市口,CAISHIKOU,Cai Shi Kou,Caishi Kou,Cɑishikou,Caishi Kou,Caishi Kou,Caishi Kou,Caishi Kou
C,6号线,,,,,草房,CAOFANG,CAOFANG,Caofang,Cɑofɑng,Caofang,Caofang,Caofang,Caofang
C,10号线,19号线,大兴机场线,,,草桥,CAOQIAO,Cao Qiao,Caoqiao,Cɑoqiɑo,Caoqiao,Caoqiao,Caoqiao,Caoqiao
C,西郊线,,,,,茶棚,CHAPENG,CHAPENG,Chapeng,Chɑpeng,Chapeng,Chapeng,Chapeng,Chapeng
C,昌平线,,,,,昌平,CHANGPING,CHANGPING,Changping,Chɑngping,Changping,Changping,Changping,Changping
C,昌平线,,,,,昌平东关,CHANGPING DONGGUAN,CHANGPING DONGGUAN,Changping Dongguan,Chɑngping Dongguɑn,Changping Dongguan,Changping Dongguan,Changping Dongguan,Changping Dongguan
C,昌平线,,,,,昌平西山口,CHANGPING XISHANKOU,CHANGPING XISHANKOU,Changping Xishankou,Chɑngping Xishɑnkou,Changping Xishankou,Changping Xishankou,Changping Xishankou,Changping Xishankou
C,6号线,,,,,常营,CHANGYING,CHANGYING,Changying,Chɑngying,Changying,Changying,Changying,Changying
C,3号线,14号线,,,,朝阳公园,Chaoyang Park,Chaoyang Park,Chaoyang Park,Chɑoyɑng Gongyuɑn (Chaoyang Park),Chaoyang Park,Chaoyang Park,Chaoyang Park,Chaoyang Park
C,2号线,6号线,,,,朝阳门,CHAOYANGMEN,CHAOYANGMEN,Chaoyang Men,Chɑoyɑngmen,Chaoyang Men,Chaoyang Men,Chaoyang Men,Chaoyang Men
C,3号线,,,,,朝阳站,\,\,\,\,\,\,Chaoyang Railway Station,Chaoyang Railway Station
C,10号线,,,,,车道沟,CHEDAOGOU,CHEDAOGOU,Chedaogou,Chedɑogou,Chedaogou,Chedaogou,Chedaogou,Chedaogou
C,2号线,6号线,,,,车公庄,CHEGONGZHUANG,CHEGONGZHUANG,Chegongzhuang,Chegongzhuɑng,Chegongzhuang,Chegongzhuang,Chegongzhuang,Chegongzhuang
C,6号线,,,,,车公庄西,CHEGONGZHUANG West,CHEGONGZHUANG West,Chegongzhuang Xi (W),Chegongzhuɑngxi,Chegongzhuang Xi (W),Chegongzhuang Xi (W),Chegongzhuang Xi (W),Chegongzhuang Xi (W)
C,10号线,,,,,成寿寺,CHENGSHOUSI,CHENGSHOUSI,Chengshou Si,Chengshousi,Chengshou Si,Chengshou Si,Chengshou Si,Chengshou Si
C,2号线,5号线,,,,崇文门,CHONGWENMEN,CHONGWENMEN,Chongwen Men,Chongwenmen,Chongwen Men,Chongwen Men,Chongwen Men,Chongwen Men
C,1号线八通线,,,,,传媒大学,Communication University of China,Communication University of China,Communication Univ. of China,Chuɑnmei Dɑxue (Communication Univ. of China),Communication Univ. of China,Communication Univ. of China,Communication Univ. of China,Communication Univ. of China
C,6号线,10号线,,,,慈寿寺,CISHOUSI,CISHOUSI,Cishou Si,Cishousi,Cishou Si,Cishou Si,Cishou Si,Cishou Si
C,5号线,7号线,,,,磁器口,CIQIKOU,Ci Qi Kou,Ciqi Kou,Ciqikou,Ciqi Kou,Ciqi Kou,Ciqi Kou,Ciqi Kou
C,17号线,亦庄线,,,,次渠,CIQU,CIQU,Ciqu,Ciqu,Ciqu,Ciqu,Ciqu,Ciqu
C,17号线,,,,,次渠北,\,\,\,Ciqubei,Ciqubei,Ciqubei,Ciqubei,Ciqubei
C,亦庄线,,,,,次渠南,CIQU South,CIQU South,Ciqu Nan (S),Ciqunɑn,Ciqu Nan (S),Ciqu Nan (S),Ciqu Nan (S),Ciqu Nan (S)
C,15号线,,,,,崔各庄,CUIGEZHUANG,CUIGEZHUANG,Cuigezhuang,Cuigezhuɑng,Cuigezhuang,Cuigezhuang,Cuigezhuang,Cuigezhuang
C,10号线,12号线,,,,长春桥,CHANGCHUNQIAO,CHANGCHUNQIAO,Changchun Qiao,Chɑngchunqiɑo,Changchun Qiao,Changchun Qiao,Changchun Qiao,Changchun Qiao
C,2号线,,,,,长椿街,CHANGCHUNJIE,CHANGCHUNJIE,Changchun Jie,Chɑngchun Jie,Changchun Jie,Changchun Jie,Changchun Jie,Changchun Jie
C,房山线,,,,,长阳,CHANGYANG,CHANGYANG,Changyang,Chɑngyɑng,Changyang,Changyang,Changyang,Changyang
D,6号线,,,,,褡裢坡,DALIANPO,DALIANPO,Dalianpo,Dɑliɑnpo,Dalianpo,Dalianpo,Dalianpo,Dalianpo
D,7号线,16号线,,,,达官营,DAGUANYING,Da Guan Ying,Daguanying,Dɑguɑnying,Daguanying,Daguanying,Daguanying,Daguanying
D,房山线,,,,,大葆台,DABAOTAI,DABAOTAI,Dabaotai,Dɑbɑotɑi,Dabaotai,Dabaotai,Dabaotai,Dabaotai
D,8号线,10号线,,,,大红门,DAHONGMEN,DAHONGMEN,Dahong Men,Dɑhongmen,Dahong Men,Dahong Men,Dahong Men,Dahong Men
D,8号线,,,,,大红门南,Dahongmen Nan (South),Dahongmen Nan (South),Dahongmen Nan (S),Dɑhongmennɑn,Dahongmen Nan (S),Dahongmen Nan (S),Dahongmen Nan (S),Dahongmen Nan (S)
D,7号线,,,,,大郊亭,DAJIAOTING,Da Jiao Ting,Dajiaoting,Dɑjiɑoting,Dajiaoting,Dajiaoting,Dajiaoting,Dajiaoting
D,14号线,,,,,大井,DAJING,DAJING,Dajing,Dɑjing,Dajing,Dajing,Dajing,Dajing
D,燕房线,,,,,大石河东,DASHIHE East,DASHIHE East,Dashihe Dong (E),Dɑshihedong,Dashihe Dong (E),Dashihe Dong (E),Dashihe Dong (E),Dashihe Dong (E)
D,5号线,15号线,,,,大屯路东,DATUNLU East,DATUNLU East,Datunlu Dong (E),Dɑtunludong,Datunludong,Datunludong,Datunludong,Datunludong
D,14号线,,,,,大瓦窑,DAWAYAO,DAWAYAO,Dawayao,Dɑwɑyɑo,Dawayao,Dawayao,Dawayao,Dawayao
D,1号线八通线,14号线,,,,大望路,DAWANGLU,DAWANGLU,Dawang Lu,Dɑwɑng Lu,Dawang Lu,Dawang Lu,Dawang Lu,Dawang Lu
D,大兴机场线,,,,,大兴机场,Daxing Airport,Daxing Airport,Daxing Airport,Dɑxing Jichɑng (Daxing Airport),Daxing Jichang (Daxing Airport),Daxing Jichang (Daxing Airport),Daxing Jichang (Daxing Airport),Daxing Jichang (Daxing Airport)
D,大兴机场线,,,,,大兴新城,Daxing Xincheng,Daxing Xincheng,Daxing Xincheng,Dɑxing Xincheng,Daxing Xincheng,Daxing Xincheng,Daxing Xincheng,Daxing Xincheng
D,12号线,13号线,,,,大钟寺,DAZHONGSI,DAZHONGSI,Dazhong Si,Dɑzhongsi,Dazhong Si,Dazhong Si,Dazhong Si,Dazhong Si
D,房山线,,,,,稻田,DAOTIAN,DAOTIAN,Daotian,Dɑotiɑn,Daotian,Daotian,Daotian,Daotian
D,16号线,,,,,稻香湖路,DAOXIANGHULU,DAOXIANGHULU,Daoxianghu Lu,Dɑoxiɑnghu Lu,Daoxianghu Lu,Daoxianghu Lu,Daoxianghu Lu,Daoxianghu Lu
D,8号线,,,,,德茂,Demao,Demao,Demao,Demɑo,Demao,Demao,Demao,Demao
D,5号线,,,,,灯市口,DENGSHIKOU,DENGSHIKOU,Dengshi Kou,Dengshikou,Dengshi Kou,Dengshi Kou,Dengshi Kou,Dengshi Kou
D,亦庄T1线,,,,,定海园,\,\,Dinghai Yuan,Dinghɑiyuɑn,Dinghai Yuan,Dinghai Yuan,Dinghai Yuan,Dinghai Yuan
D,亦庄T1线,,,,,定海园西,\,\,Dinghai Yuan Xi (W),Dinghɑiyuɑnxi,Dinghai Yuan Xi (W),Dinghai Yuan Xi (W),Dinghai Yuan Xi (W),Dinghai Yuan Xi (W)
D,3号线,,,,,东坝,\,\,\,\,\,\,Dongba,Dongba
D,3号线,12号线,,,,东坝北,\,\,\,\,\,\,Dongbabei,Dongbabei
D,3号线,,,,,东坝南,\,\,\,\,\,\,Dongbanan,Dongbanan
D,12号线,,,,,东坝西,\,\,\,\,\,\,Dongbaxi,Dongbaxi
D,18号线,,,,,东北旺,\,\,\,\,\,\,\,Dongbeiwang
D,6号线,17号线,,,,东大桥,DONGDAQIAO,DONGDAQIAO,Dongdaqiao,Dongdɑqiɑo,Dongdaqiao,Dongdaqiao,Dongdaqiao,Dongdaqiao
D,1号线八通线,5号线,,,,东单,DONGDAN,DONGDAN,Dongdan,Dongdɑn,Dongdan,Dongdan,Dongdan,Dongdan
D,14号线,,,,,东风北桥,DONGFENGBEIQIAO,DONGFENGBEIQIAO,Dongfeng Beiqiao,Dongfeng Beiqiɑo,Dongfeng Beiqiao,Dongfeng Beiqiao,Dongfeng Beiqiao,Dongfeng Beiqiao
D,8号线,,,,,东高地,Donggao Di,Donggao Di,Donggaodi,Donggɑodi,Donggaodi,Donggaodi,Donggaodi,Donggaodi
D,14号线,,,,,东管头,\,\,\,Dongguɑntou,Dongguantou,Dongguantou,Dongguantou,Dongguantou
D,16号线,房山线,,,,东管头南,\,\,Dongguantou Nan (S),Dongguɑntounɑn,Dongguantou Nan (S),Dongguantou Nan (S),Dongguantou Nan (S),Dongguantou Nan (S)
D,14号线,,,,,东湖渠,DONGHUQU,DONGHUQU,Donghuqu,Donghuqu,Donghuqu,Donghuqu,Donghuqu,Donghuqu
D,5号线,6号线,,,,东四,DONGSI,DONGSI,Dongsi,Dongsi,Dongsi,Dongsi,Dongsi,Dongsi
D,2号线,3号线,,,,东四十条,DONGSI SHITIAO,DONGSI SHITIAO,Dongsi Shitiao,Dongsi Shitiɑo,Dongsi Shitiao,Dongsi Shitiao,Dongsi Shitiao,Dongsi Shitiao
D,6号线,,,,,东夏园,DONGXIAYUAN,DONGXIAYUAN,Dongxia Yuan,Dongxiɑyuɑn,Dongxia Yuan,Dongxia Yuan,Dongxia Yuan,Dongxia Yuan
D,2号线,13号线,首都机场线,,,东直门,DONGZHIMEN,DONGZHIMEN,Dongzhi Men,Dongzhimen,Dongzhimen,Dongzhimen,Dongzhimen,Dongzhimen
D,4号线大兴线,,,,,动物园,Beijing Zoo,Beijing Zoo,Beijing Zoo,Dongwuyuɑn (Beijing Zoo),Dongwuyuan (Beijing Zoo),Dongwuyuan (Beijing Zoo),Dongwuyuan (Beijing Zoo),Dongwuyuan (Beijing Zoo)
E,6号线,16号线,,,,二里沟,\,\,\,\,Erligou,Erligou,Erligou,Erligou
F,7号线,,,,,垡头,FATOU,Fa Tou,Fatou,Fɑtou,Fatou,Fatou,Fatou,Fatou
F,14号线,,,,,方庄,FANGZHUANG,FANGZHUANG,Fangzhuang,Fɑngzhuɑng,Fangzhuang,Fangzhuang,Fangzhuang,Fangzhuang
F,燕房线,,,,,房山城关,FANGSHAN CHENGGUAN,FANGSHAN CHENGGUAN,Fangshan Chengguan,Fɑngshɑn Chengguɑn,Fangshan Chengguan,Fangshan Chengguan,Fangshan Chengguan,Fangshan Chengguan
F,10号线,,,,,分钟寺,FENZHONGSI,FENZHONGSI,Fenzhong Si,Fenzhongsi,Fenzhong Si,Fenzhong Si,Fenzhong Si,Fenzhong Si
F,9号线,,,,,丰台东大街,FENGTAIDONGDAJIE,FENGTAIDONGDAJIE,Fengtai Dongdajie,Fengtɑi Dongdɑjie,Fengtai Dongdajie,Fengtai Dongdajie,Fengtai Dongdajie,Fengtai Dongdajie
F,9号线,,,,,丰台科技园,FENGTAI Science Park,FENGTAI Science Park,Fengtai Science Park,Fengtɑi Kejiyuɑn,Fengtai Science Park,Fengtai Science Park,Fengtai Science Park,Fengtai Science Park
F,9号线,16号线,,,,丰台南路,FENGTAINALU,FENGTAINALU,Fengtai Nanlu,Fengtɑi Nɑnlu,Fengtai Nanlu,Fengtai Nanlu,Fengtai Nanlu,Fengtai Nanlu
F,10号线,16号线,,,,丰台站,FENGTAI Railway Station,FENGTAI Railway Station,Fengtai Railway Station,Fengtɑi Zhɑn (Fengtai Railway Station),Fengtai Railway Station,Fengtai Railway Station,Fengtai Railway Station,Fengtai Railway Station
F,15号线,,,,,俸伯,FENGBO,FENGBO,Fengbo,Fengbo,Fengbo,Fengbo,Fengbo,Fengbo
F,2号线,,,,,阜成门,FUCHENGMEN,FUCHENGMEN,Fucheng Men,Fuchengmen,Fucheng Men,Fucheng Men,Fucheng Men,Fucheng Men
F,14号线,,,,,阜通,FUTONG,FUTONG,Futong,Futong,Futong,Futong,Futong,Futong
F,1号线八通线,2号线,,,,复兴门,FUXINGMEN,FUXINGMEN,Fuxing Men,Fuxingmen,Fuxingmen,Fuxingmen,Fuxingmen,Fuxingmen
F,16号线,,,,,富丰桥,\,\,\,\,Fufengqiao,Fufengqiao,Fufengqiao,Fufengqiao
G,16号线,,,,,甘家口,\,\,Ganjia Kou,Gɑnjiɑkou,Ganjia Kou,Ganjia Kou,Ganjia Kou,Ganjia Kou
G,1号线八通线,,,,,高碑店,GAOBEIDIAN,Gao Bei Dian,Gaobeidian,Gɑobeidiɑn,Gaobeidian,Gaobeidian,Gaobeidian,Gaobeidian
G,12号线,14号线,,,,高家园,GAOJIAYUAN,GAOJIAYUAN,Gaojia Yuan,Gɑojiɑyuɑn,Gaojia Yuan,Gaojia Yuan,Gaojiayuan,Gaojiayuan
G,7号线,,,,,高楼金,\,Gao Lou Jin,Gaoloujin,Gɑoloujin,Gaoloujin,Gaoloujin,Gaoloujin,Gaoloujin
G,4号线大兴线,,,,,高米店北,GAOMIDIAN North,GAOMIDIAN North,Gaomidian Bei (N),Gɑomidiɑnbei,Gaomidian Bei (N),Gaomidian Bei (N),Gaomidian Bei (N),Gaomidian Bei (N)
G,4号线大兴线,,,,,高米店南,GAOMIDIAN South,GAOMIDIAN South,Gaomidian Nan (S),Gɑomidiɑnnɑn,Gaomidian Nan (S),Gaomidian Nan (S),Gaomidian Nan (S),Gaomidian Nan (S)
G,3号线,17号线,,,,工人体育场,\,\,\,\,\,Gongrentiyuchang (Workers' Stadium),Workers' Stadium,Workers' Stadium
G,4号线大兴线,,,,,公益西桥,GONGYIXIQIAO,GONGYIXIQIAO,Gongyi Xiqiao,Gongyi Xiqiɑo,Gongyi Xiqiao,Gongyi Xiqiao,Gongyi Xiqiao,Gongyi Xiqiao
G,1号线八通线,10号线,,,,公主坟,GONGZHUFEN,GONGZHUFEN,Gongzhufen,Gongzhufen,Gongzhufen,Gongzhufen,Gongzhufen,Gongzhufen
G,昌平线,,,,,巩华城,GONGHUACHENG,GONGHUACHENG,Gonghua Cheng,Gonghuɑcheng,Gonghua Cheng,Gonghua Cheng,Gonghua Cheng,Gonghua Cheng
G,1号线八通线,,,,,古城,GUCHENG,GUCHENG,Gucheng,Gucheng,Gucheng,Gucheng,Gucheng,Gucheng
G,2号线,8号线,,,,鼓楼大街,GULOUDAJIE,GULOUDAJIE,Gulou Dajie,Gulou Dɑjie,Gulou Dajie,Gulou Dajie,Gulou Dajie,Gulou Dajie
G,15号线,,,,,关庄,GUANZHUANG,GUANZHUANG,Guanzhuang,Guɑ̄nzhuɑng,Guanzhuang,Guanzhuang,Guanzhuang,Guanzhuang
G,1号线八通线,,,,,管庄,GUANZHUANG,Guaan Zhuang,Guaanzhuang,Guɑ̌nzhuɑng,Guaanzhuang,Guaanzhuang,Guaanzhuang,Guaanzhuang
G,12号线,13号线,,,,光熙门,GUANGXIMEN,GUANGXIMEN,Guangxi Men,Guɑngximen,Guangxi Men,Guangxi Men,Guangxi Men,Guangxi Men
G,7号线,,,,,广安门内,GUANGANMENNEI,Guang An Men Nei,Guang'anmen Nei,Guɑng'ɑnmennei,Guang'anmen Nei,Guang'anmen Nei,Guang'anmen Nei,Guang'anmen Nei
G,7号线,,,,,广渠门内,GUANGQUMENNEI,Guangqu Men Nei,Guangqumen Nei,Guɑngqumennei,Guangqumen Nei,Guangqumen Nei,Guangqumen Nei,Guangqumen Nei
G,7号线,17号线,,,,广渠门外,GUANGQUMENWAI,Guangqu Men Wai,Guangqumen Wai,Guɑngqumenwɑi,Guangqumen Wai,Guangqumen Wai,Guangqumen Wai,Guangqumen Wai
G,房山线,,,,,广阳城,GUANGYANGCHENG,GUANGYANGCHENG,Guangyang Cheng,Guɑngyɑngcheng,Guangyang Cheng,Guangyang Cheng,Guangyang Cheng,Guangyang Cheng
G,9号线,房山线,,,,郭公庄,GUOGONGZHUANG,GUOGONGZHUANG,Guogongzhuang,Guogongzhuɑng,Guogongzhuang,Guogongzhuang,Guogongzhuang,Guogongzhuang
G,14号线,,,,,郭庄子,GUOZHUANGZI,GUOZHUANGZI,Guozhuangzi,Guozhuɑngzi,Guozhuangzi,Guozhuangzi,Guozhuangzi,Guozhuangzi
G,4号线大兴线,9号线,16号线,,,国家图书馆,National Library,National Library,National Library,Guojiɑ Tushuguɑn (National Library),Guojia Tushuguan (National Library),Guojia Tushuguan (National Library),Guojia Tushuguan (National Library),Guojia Tushuguan (National Library)
G,西郊线,,,,,国家植物园,Botanical Garden,Botanical Garden,Botanical Garden,Zhiwuyuɑn (Botanical Garden),China National Botanical Garden,China National Botanical Garden,China National Botanical Garden,China National Botanical Garden
G,1号线八通线,10号线,,,,国贸,GUOMAO,GUOMAO,Guomao,Guomɑo,Guomao,Guomao,Guomao,Guomao
G,15号线,,,,,国展,China International Exhibition Center,China International Exhibition Center,China Int'l Exhibition Center,Guozhɑn (China Int'l Exhibition Center),China Int'l Exhibition Center,China Int'l Exhibition Center,China Int'l Exhibition Center,China Int'l Exhibition Center
G,1号线八通线,,,,,果园,GUOYUAN,Guo Yuan,Guoyuan,Guoyuɑn,Guoyuan,Guoyuan,Guoyuan,Guoyuan
H,4号线大兴线,10号线,,,,海淀黄庄,HAIDIANHUANGZHUANG,HAIDIANHUANGZHUANG,Haidian Huangzhuang,Hɑidiɑn Huɑngzhuɑng,Haidian Huangzhuang,Haidian Huangzhuang,Haidian Huangzhuang,Haidian Huangzhuang
H,6号线,,,,,海淀五路居,HAIDIAN WULUJU,HAIDIAN WULUJU,Haidian Wuluju,Hɑidiɑn Wuluju,Haidian Wuluju,Haidian Wuluju,Haidian Wuluju,Haidian Wuluju
H,8号线,,,,,海户屯,Haihu Tun,Haihu Tun,Haihutun,Hɑihutun,Haihutun,Haihutun,Haihutun,Haihutun
H,6号线,,,,,郝家府,HAOJIAFU,HAOJIAFU,Haojia Fu,Hɑojiɑfu,Haojia Fu,Haojia Fu,Haojia Fu,Haojia Fu
H,5号线,,,,,和平里北街,HEPINGLI BEIJIE,HEPINGLI BEIJIE,Hepingli Beijie,Hepingli Beijie,Hepingli Beijie,Hepingli Beijie,Hepingli Beijie,Hepingli Beijie
H,2号线,,,,,和平门,HEPINGMEN,HEPINGMEN,Heping Men,Hepingmen,Heping Men,Heping Men,Heping Men,Heping Men
H,5号线,12号线,,,,和平西桥,HEPINGXIQIAO,HEPINGXIQIAO,Heping Xiqiao,Heping Xiqiɑo,Heping Xiqiao,Heping Xiqiao,Heping Xiqiao,Heping Xiqiao
H,8号线,,,,,和义（连冠王）,Heyi,Heyi,Heyi,Heyi,Heyi,Heyi,Heyi,Heyi
H,7号线,,,,,黑庄户,\,Hei Zhuang Hu,Heizhuanghu,Heizhuɑnghu,Heizhuanghu,Heizhuanghu,Heizhuanghu,Heizhuanghu
H,17号线,,,,,红军营,\,\,\,\,\,Hongjunying,Hongjunying,Hongjunying
H,16号线,,,,,红莲南路,\,\,\,\,Honglian Nanlu,Honglian Nanlu,Honglian Nanlu,Honglian Nanlu
H,16号线,,,,,洪泰庄,\,\,\,\,\,Hongtaizhuang,Hongtaizhuang,Hongtaizhuang
H,15号线,,,,,后沙峪,HOUSHAYU,HOUSHAYU,Houshayu,Houshɑyu,Houshayu,Houshayu,Houshayu,Houshayu
H,6号线,10号线,,,,呼家楼,HUJIALOU,HUJIALOU,Hujialou,Hujiɑlou,Hujialou,Hujialou,Hujialou,Hujialou
H,7号线,,,,,虎坊桥,HUFANGQIAO,Hu Fang Qiao,Hufangqiao,Hufɑngqiɑo,Hufangqiao,Hufangqiao,Hufangqiao,Hufangqiao
H,15号线,,,,,花梨坎,HUALIKAN,HUALIKAN,Hualikan,Huɑlikɑn,Hualikan,Hualikan,Hualikan,Hualikan
H,房山线,,,,,花乡东桥,\,\,Huaxiang Dongqiao,Huɑxiɑng Dongqiɑo,Huaxiang Dongqiao,Huaxiang Dongqiao,Huaxiang Dongqiao,Huaxiang Dongqiao
H,6号线,,,,,花园桥,HUAYUANQIAO,HUAYUANQIAO,Huayuan Qiao,Huɑyuɑnqiɑo,Huayuan Qiao,Huayuan Qiao,Huayuan Qiao,Huayuan Qiao
H,1号线八通线,7号线,,,,花庄,\,Hua Zhuang,Huazhuang,Huɑzhuɑng,Huazhuang,Huazhuang,Huazhuang,Huazhuang
H,7号线,,,,,化工,HUAGONG,Hua Gong,Huagong,Huɑgong,Huagong,Huagong,Huagong,Huagong
H,7号线,,,,,欢乐谷景区,Happy Valley Scenic Area,Beijing Happy Valley,Happy Valley,Huɑnlegu Jingqu (Happy Valley),Happy Valley,Happy Valley,Happy Valley,Happy Valley
H,1号线八通线,7号线,,,,环球度假区,\,Universal Resort,Universal Resort,Huɑnqiu Dujiɑqu (Universal Resort),Universal Resort,Universal Resort,Universal Resort,Universal Resort
H,7号线,,,,,黄厂,\,Huang Chang,Huangchang,Huɑngchɑng,Huangchang,Huangchang,Huangchang,Huangchang
H,4号线大兴线,,,,,黄村火车站,HUANGCUN Railway Station,HUANGCUN Railway Station,Huangcun Railway Station,Huɑngcun Huochezhɑn (Huangcun Railway Station),Huangcun Railway Station,Huangcun Railway Station,Huangcun Railway Station,Huangcun Railway Station
H,4号线大兴线,,,,,黄村西大街,HUANGCUNXIDAJIE,HUANGCUNXIDAJIE,Huangcun Xidajie,Huɑngcun Xidɑjie,Huangcun Xidajie,Huangcun Xidajie,Huangcun Xidajie,Huangcun Xidajie
H,6号线,,,,,黄渠,HUANGQU,HUANGQU,Huangqu,Huɑngqu,Huangqu,Huangqu,Huangqu,Huangqu
H,13号线,,,,,回龙观,HUILONGGUAN,HUILONGGUAN,Huilong Guan,Huilongguɑn,Huilong Guan,Huilong Guan,Huilong Guan,Huilong Guan
H,8号线,18号线,,,,回龙观东大街,HUILONGGUAN DONGDAJIE,HUILONGGUAN DONGDAJIE,Huilongguan Dongdajie,Huilongguɑn Dongdɑjie,Huilongguan Dongdajie,Huilongguan Dongdajie,Huilongguan Dongdajie,Huilongguan Dongdajie
H,18号线,,,,,回龙观西大街,\,\,\,\,\,\,\,Huilongguan Xidajie
H,5号线,,,,,惠新西街北口,HUIXINXIJIE BEIKOU,HUIXINXIJIE BEIKOU,Huixin Xijie Beikou,Huixin Xijie Beikou,Huixin Xijie Beikou,Huixin Xijie Beikou,Huixin Xijie Beikou,Huixin Xijie Beikou
H,5号线,10号线,,,,惠新西街南口,HUIXINXIJIE NANKOU,HUIXINXIJIE NAKOU,Huixin Xijie Nankou,Huixin Xijie Nɑnkou,Huixin Xijie Nankou,Huixin Xijie Nankou,Huixin Xijie Nankou,Huixin Xijie Nankou
H,8号线,,,,,火箭万源,Huojian Wanyuan,Huojian Wanyuan,Huojian Wanyuan,Huojiɑn Wɑnyuɑn,Huojian Wanyuan,Huojian Wanyuan,Huojian Wanyuan,Huojian Wanyuan
H,10号线,,,,,火器营,HUOQIYING,HUOQIYING,Huoqiying,Huoqiying,Huoqiying,Huoqiying,Huoqiying,Huoqiying
H,8号线,13号线,,,,霍营,HUOYING,HUOYING,Huoying,Huoying,Huoying,Huoying,Huoying,Huoying
H,18号线,,,,,霍营东,\,\,\,\,\,\,\,Huoyingdong
J,2号线,19号线,,,,积水潭,JISHUITAN,JISHUITAN,Jishuitan,Jishuitɑn,Jishuitan,Jishuitan,Jishuitan,Jishuitan
J,10号线,,,,,纪家庙,JIJIAMIAO,JIJIAMIAO,Jijiamiao,Jijiɑmiɑo,Jijiamiao,Jijiamiao,Jijiamiao,Jijiamiao
J,12号线,昌平线,,,,蓟门桥,\,\,\,\,Jimenqiao,Jimenqiao,Jimen Qiao,Jimen Qiao
J,17号线,,,,,嘉会湖,\,\,\,Jiɑhuihu,Jiahuihu,Jiahuihu,Jiahuihu,Jiahuihu
J,1号线八通线,2号线,,,,建国门,JIANGUOMEN,JIANGUOMEN,Jianguo Men,Jiɑnguomen,Jianguomen,Jianguomen,Jianguomen,Jianguomen
J,10号线,,,,,健德门,JIANDEMEN,JIANDEMEN,Jiande Men,Jiɑndemen,Jiande Men,Jiande Men,Jiande Men,Jiande Men
J,14号线,,,,,将台,JIANGTAI,JIANGTAI,Jiangtai,Jiɑngtɑi,Jiangtai,Jiangtai,Jiangtai,Jiangtai
J,12号线,,,,,将台西,\,\,\,\,\,\,Jiangtaixi,Jiangtaixi
J,7号线,,,,,焦化厂,JIAOHUACHANG,Jiao Hua Chang,Jiaohua Chang,Jiɑohuɑchɑng,Jiaohua Chang,Jiaohua Chang,Jiaohua Chang,Jiaohua Chang
J,10号线,,,,,角门东,JIAOMEN East,JIAOMEN East,Jiaomen Dong (E),Jiɑomendong,Jiaomen Dong (E),Jiaomen Dong (E),Jiaomen Dong (E),Jiaomen Dong (E)
J,4号线大兴线,10号线,,,,角门西,JIAOMEN West,JIAOMEN West,Jiaomen Xi (W),Jiɑomenxi,Jiaomen Xi (W),Jiaomen Xi (W),Jiaomen Xi (W),Jiaomen Xi (W)
J,6号线,11号线,S1线,,,金安桥,JIN'ANQIAO,JIN'ANQIAO,Jin'an Qiao,Jin'ɑnqiɑo,Jin'anqiao,Jin'anqiao,Jin'anqiao,Jin'anqiao
J,6号线,14号线,,,,金台路,JINTAILU,JINTAILU,Jintai Lu,Jintɑi Lu,Jintai Lu,Jintai Lu,Jintai Lu,Jintai Lu
J,10号线,,,,,金台夕照,JINTAIXIZHAO,JINTAIXIZHAO,Jintai Xizhao,Jintɑi Xizhɑo,Jintai Xizhao,Jintai Xizhao,Jintai Xizhao,Jintai Xizhao
J,8号线,,,,,金鱼胡同,\,\,\,Jinyu Hutong,Jinyu Hutong,Jinyu Hutong,Jinyu Hutong,Jinyu Hutong
J,10号线,,,,,劲松,JINSONG,JINSONG,Jinsong,Jingsong,Jingsong,Jingsong,Jingsong,Jingsong
J,亦庄线,,,,,经海路,JINGHAILU,JINGHAILU,Jinghai Lu,Jinghɑi Lu,Jinghai Lu,Jinghai Lu,Jinghai Lu,Jinghai Lu
J,亦庄T1线,,,,,经海一路,\,\,Jinghai Yilu,Jinghɑi Yilu,Jinghai Yilu,Jinghai Yilu,Jinghai Yilu,Jinghai Yilu
J,14号线,19号线,,,,景风门,\,\,\,Jingfengmen,Jingfengmen,Jingfengmen,Jingfengmen,Jingfengmen
J,14号线,,,,,景泰,JINGTAI,JINGTAI,Jingtai,Jingtɑi,Jingtai,Jingtai,Jingtai,Jingtai
J,亦庄T1线,,,,,九号村,\,\,Jiuhao Cun,Jiuhɑocun,Jiuhao Cun,Jiuhao Cun,Jiuhao Cun,Jiuhao Cun
J,1号线八通线,,,,,九棵树,JIUKESHU,Jiu Ke Shu,Jiukeshu,Jiukeshu,Jiukeshu,Jiukeshu,Jiukeshu,Jiukeshu
J,7号线,14号线,,,,九龙山,JIULONGSHAN,Jiu Long Shan,Jiulongshan,Jiulongshɑn,Jiulongshan,Jiulongshan,Jiulongshan,Jiulongshan
J,亦庄线,,,,,旧宫,JIUGONG,JIUGONG,Jiu Gong,Jiugong,Jiu Gong,Jiu Gong,Jiu Gong,Jiu Gong
J,1号线八通线,9号线,,,,军事博物馆,Military Museum,Military Museum,Military Museum,Junshi Bowuguɑn (Military Museum),Military Museum,Military Museum,Military Museum,Military Museum
K,16号线,,,,,看丹,\,\,\,\,Kandan,Kandan,Kandan,Kandan
K,9号线,,,,,科怡路,KEYILU,KEYILU,Keyi Lu,Keyi Lu,Keyi Lu,Keyi Lu,Keyi Lu,Keyi Lu
L,14号线,,,,,来广营,LAIGUANGYING,LAIGUANGYING,Laiguangying,Lɑiguɑngying,Laiguangying,Laiguangying,Laiguangying,Laiguangying
L,12号线,,,,,蓝靛厂,\,\,\,\,\,\,Landianchang,Landianchang
L,7号线,,,,,郎辛庄,\,Lang Xin Zhuang,Langxinzhuang,Lɑngxinzhuɑng,Langxinzhuang,Langxinzhuang,Langxinzhuang,Langxinzhuang
L,亦庄T1线,,,,,老观里,\,\,Laoguan Li,Lɑoguɑnli,Laoguan Li,Laoguan Li,Laoguan Li,Laoguan Li
L,1号线八通线,,,,,梨园,LIYUAN,Li Yuan,Liyuan,Liyuɑn,Liyuan,Liyuan,Liyuan,Liyuan
L,房山线,,,,,篱笆房,LIBAFANG,LIBAFANG,Libafang,Libɑfɑng,Libafang,Libafang,Libafang,Libafang
L,5号线,13号线,,,,立水桥,LISHUIQIAO,LISHUIQIAO,Lishui Qiao,Lishuiqiɑo,Lishui Qiao,Lishui Qiao,Lishui Qiao,Lishui Qiao
L,5号线,,,,,立水桥南,LISHUIQIAONA,LISHUIQIAONA,Lishuiqiao Nan (S),Lishuiqiɑonɑn,Lishuiqiao Nan (S),Lishuiqiao Nan (S),Lishuiqiao Nan (S),Lishuiqiao Nan (S)
L,14号线,16号线,,,,丽泽商务区,\,\,\,Lize Shɑngwuqu,Lize Shangwuqu,Lize Shangwuqu,Lize Shangwuqu,Lize Shangwuqu
L,S1线,,,,,栗园庄,LIYUANZHUANG,LIYUANZHUANG,Liyuanzhuang,Liyuɑnzhuɑng,Liyuanzhuang,Liyuanzhuang,Liyuanzhuang,Liyuanzhuang
L,10号线,,,,,莲花桥,LIANHUAQIAO,LIANHUAQIAO,Lianhua Qiao,Liɑnhuɑqiɑo,Lianhua Qiao,Lianhua Qiao,Lianhua Qiao,Lianhua Qiao
L,房山线,,,,,良乡大学城,LIANGXIANG University Town,LIANGXIANG University Town,Liangxiang Univ. Town,Liɑngxiɑng Dɑxuecheng,Liangxiang Univ. Town,Liangxiang Univ. Town,Liangxiang Univ. Town,Liangxiang Univ. Town
L,房山线,,,,,良乡大学城北,LIANGXIANG University Town North,LIANGXIANG University Town North,Liangxiang Univ. Town North,Liɑngxiɑng Dɑxuechengbei,Liangxiang Univ. Town North,Liangxiang Univ. Town North,Liangxiang Univ. Town North,Liangxiang Univ. Town North
L,房山线,,,,,良乡大学城西,LIANGXIANG University Town West,LIANGXIANG University Town West,Liangxiang Univ. Town West,Liɑngxiɑng Dɑxuechengxi,Liangxiang Univ. Town West,Liangxiang Univ. Town West,Liangxiang Univ. Town West,Liangxiang Univ. Town West
L,房山线,,,,,良乡南关,LIANGXIANGNAGUAN,LIANGXIANGNAGUAN,Liangxiang Nanguan,Liɑngxiɑng Nɑnguɑn,Liangxiang Nanguan,Liangxiang Nanguan,Liangxiang Nanguan,Liangxiang Nanguan
L,10号线,,,,,亮马桥,LIANGMAQIAO,LIANGMAQIAO,Liangma Qiao,Liɑngmɑqiɑo,Liangma Qiao,Liangma Qiao,Liangma Qiao,Liangma Qiao
L,6号线,,,,,廖公庄,Liaogong Zhuang,Liaogong Zhuang,Liaogongzhuang,Liɑogongzhuɑng,Liaogongzhuang,Liaogongzhuang,Liaogongzhuang,Liaogongzhuang
L,8号线,,,,,林萃桥,LINCUIQIAO,LINCUIQIAO,Lincui Qiao,Lincuiqiɑo,Lincuiqiao,Lincuiqiao,Lincuiqiao,Lincuiqiao
L,1号线八通线,,,,,临河里,LINHELI,Lin He Li,Linheli,Linheli,Linheli,Linheli,Linheli,Linheli
L,4号线大兴线,,,,,灵境胡同,LINGJING Hutong,LINGJING Hutong,Lingjing Hutong,Lingjing Hutong,Lingjing Hutong,Lingjing Hutong,Lingjing Hutong,Lingjing Hutong
L,5号线,,,,,刘家窑,LIUJIAYAO,LIUJIAYAO,Liujiayao,Liujiɑyɑo,Liujiayao,Liujiayao,Liujiayao,Liujiayao
L,13号线,,,,,柳芳,LIUFANG,LIUFANG,Liufang,Liufɑng,Liufang,Liufang,Liufang,Liufang
L,15号线,昌平线,,,,六道口,LIUDAOKOU,LIUDAOKOU,Liudao Kou,Liudɑokou,Liudao Kou,Liudao Kou,Liudao Kou,Liudao Kou
L,9号线,10号线,,,,六里桥,LIULIQIAO,LIULIQIAO,Liuli Qiao,Liuliqiɑo,Liuli Qiao,Liuli Qiao,Liuli Qiao,Liuli Qiao
L,9号线,,,,,六里桥东,LIULIQIAO East,LIULIQIAO East,Liuliqiao Dong (E),Liuliqiɑodong,Liuliqiao Dong (E),Liuliqiao Dong (E),Liuliqiao Dong (E),Liuliqiao Dong (E)
L,13号线,,,,,龙泽,LONGZE,LONGZE,Longze,Longze,Longze,Longze,Longze,Longze
L,18号线,,,,,龙泽西,\,\,\,\,\,\,\,Longzexi
L,亦庄T1线,,,,,鹿圈东,\,\,Lujuan Dong (E),Lujuɑndong,Lujuan Dong (E),Lujuan Dong (E),Lujuan Dong (E),Lujuan Dong (E)
L,6号线,,,,,潞城,LUCHENG,LUCHENG,Lucheng,Lucheng,Lucheng,Lucheng,Lucheng,Lucheng
L,6号线,,,,,潞阳,\,\,\,\,\,\,\,Luyang
M,12号线,,,,,马甸桥,\,\,\,\,\,\,Madian Qiao,Madian Qiao
M,燕房线,,,,,马各庄,MAGEZHUANG,MAGEZHUANG,Magezhuang,Mɑgezhuɑng,Magezhuang,Magezhuang,Magezhuang,Magezhuang
M,4号线大兴线,,,,,马家堡,MAJIAPU,MAJIAPU,Majiapu,Mɑjiɑpu,Majiapu,Majiapu,Majiapu,Majiapu
M,16号线,18号线,,,,马连洼,MALIANWA,MALIANWA,Malianwa,Mɑliɑnwɑ,Malianwa,Malianwa,Malianwa,Malianwa
M,15号线,,,,,马泉营,MAQUANYING,MAQUANYING,Maquanying,Mɑquɑnying,Maquanying,Maquanying,Maquanying,Maquanying
M,11号线,,,,,模式口,\,\,\,Moshikou,Moshikou,Moshikou,Moshikou,Moshikou
M,10号线,19号线,,,,牡丹园,MUDANYUAN,MUDANYUAN,Mudan Yuan,Mudɑnyuɑn,Mudanyuan,Mudanyuan,Mudanyuan,Mudanyuan
M,1号线八通线,16号线,,,,木樨地,MUXIDI,MUXIDI,Muxidi,Muxidi,Muxidi,Muxidi,Muxidi,Muxidi
M,8号线,,,,,木樨园,Muxi Yuan,Muxi Yuan,Muxi Yuan,Muxiyuɑn,Muxi Yuan,Muxi Yuan,Muxi Yuan,Muxi Yuan
N,15号线,,,,,南法信,NANFAXIN,NAFAXIN,Nanfaxin,Nɑnfɑxin,Nanfaxin,Nanfaxin,Nanfaxin,Nanfaxin
N,1号线八通线,,,,,南礼士路,NANLISHILU,NALISHILU,Nanlishi Lu,Nɑnlishi Lu,Nanlishi Lu,Nanlishi Lu,Nanlishi Lu,Nanlishi Lu
N,7号线,,,,,南楼梓庄,NANLOUZIZHUANG,Nan Louzi Zhuang,Nanlouzi Zhuang,Nɑnlouzizhuɑng,Nanlouzi Zhuang,Nanlouzi Zhuang,Nanlouzi Zhuang,Nanlouzi Zhuang
N,6号线,8号线,,,,南锣鼓巷,NANLUOGUXIANG,NALUOGUXIANG,Nanluogu Xiang,Nɑnluogu Xiɑng,Nanluogu Xiang,Nanluogu Xiang,Nanluogu Xiang,Nanluogu Xiang
N,昌平线,,,,,南邵,NANSHAO,NASHAO,Nanshao,Nɑnshɑo,Nanshao,Nanshao,Nanshao,Nanshao
N,10号线,,,,,泥洼,NIWA,NIWA,Niwa,Niwɑ,Niwa,Niwa,Niwa,Niwa
N,19号线,,,,,牛街,\,\,\,Niujie,Niujie,Niujie,Niujie,Niujie
N,16号线,,,,,农大南路,NONGDANALU,NONGDANALU,Nongda Nanlu,Nongdɑ Nɑnlu,Nongda Nanlu,Nongda Nanlu,Nongda Nanlu,Nongda Nanlu
N,10号线,,,,,农业展览馆,Agricultural Exhibition Center,Agricultural Exhibition Center,Agricultural Exhibition Center,Nongye Zhɑnlɑnguɑn (Agricultural Exhibition Center),Agricultural Exhibition Center,Agricultural Exhibition Center,Agricultural Exhibition Center,Agricultural Exhibition Center
P,10号线,,,,,潘家园,PANJIAYUAN,PANJIAYUAN,Panjia Yuan,Pɑnjiɑyuɑn,Panjia Yuan,Panjia Yuan,Panjia Yuan,Panjia Yuan
P,17号线,,,,,潘家园西,\,\,\,\,\,\,\,Panjiayuanxi
P,4号线大兴线,6号线,19号线,,,平安里,PINGANLI,PINGANLI,Ping'an Li,Ping'ɑnli,Ping'anli,Ping'anli,Ping'anli,Ping'anli
P,14号线,,,,,平乐园,PINGLEYUAN,PINGLEYUAN,Pingle Yuan,Pingleyuɑn,Pingle Yuan,Pingle Yuan,Pingle Yuan,Pingle Yuan
P,8号线,,,,,平西府,PINGXIFU,PINGXIFU,Pingxi Fu,Pingxifu,Pingxi Fu,Pingxi Fu,Pingxi Fu,Pingxi Fu
P,1号线八通线,6号线,S1线,,,苹果园,PINGUOYUAN,PINGUOYUAN,Pingguo Yuan,Pingguoyuɑn,Pingguoyuan,Pingguoyuan,Pingguoyuan,Pingguoyuan
P,5号线,14号线,,,,蒲黄榆,PUHUANGYU,PUHUANGYU,Puhuangyu,Puhuɑngyu,Puhuangyu,Puhuangyu,Puhuangyu,Puhuangyu
Q,9号线,14号线,,,,七里庄,QILIZHUANG,QILIZHUANG,Qilizhuang,Qilizhuɑng,Qilizhuang,Qilizhuang,Qilizhuang,Qilizhuang
Q,2号线,8号线,,,,前门,QIANMEN,QIANMEN,Qian Men,Qiɑnmen,Qianmen,Qianmen,Qianmen,Qianmen
Q,S1线,,,,,桥户营,QIAOHUYING,QIAOHUYING,Qiaohuying,Qiɑohuying,Qiaohuying,Qiaohuying,Qiaohuying,Qiaohuying
Q,7号线,,,,,桥湾,QIAOWAN,Qiao Wan,Qiaowan,Qiɑowɑn,Qiaowan,Qiaowan,Qiaowan,Qiaowan
Q,6号线,,,,,青年路,QINGNIANLU,QINGNIANLU,Qingnian Lu,Qingniɑn Lu,Qingnian Lu,Qingnian Lu,Qingnian Lu,Qingnian Lu
Q,昌平线,,,,,清河小营桥,\,\,\,\,Qinghe Xiaoyingqiao,Qinghe Xiaoyingqiao,Qinghe Xiaoyingqiao,Qinghe Xiaoyingqiao
Q,17号线,,,,,清河营,\,\,\,\,\,Qingheying,Qingheying,Qingheying
Q,13号线,昌平线,,,,清河站,\,Qing He,Qinghe Railway Station,Qinghe Zhɑn (Qinghe Railway Station),Qinghe Zhan (Qinghe Railway Station),Qinghe Zhan (Qinghe Railway Station),Qinghe Zhan (Qinghe Railway Station),Qinghe Zhan (Qinghe Railway Station)
Q,15号线,,,,,清华东路西口,QINGHUADONGLUXIKOU,QINGHUADONGLUXIKOU,Qinghua Donglu Xikou,Qinghuɑ Donglu Xikou,Qinghua Donglu Xikou,Qinghua Donglu Xikou,Qinghua Donglu Xikou,Qinghua Donglu Xikou
Q,4号线大兴线,,,,,清源路,QINGYUANLU,QINGYUANLU,Qingyuan Lu,Qingyuɑn Lu,Qingyuan Lu,Qingyuan Lu,Qingyuan Lu,Qingyuan Lu
Q,亦庄T1线,,,,,屈庄,\,\,Qu Zhuang,Quzhuɑng,Qu Zhuang,Qu Zhuang,Qu Zhuang,Qu Zhuang
Q,7号线,,,,,群芳,\,Qun Fang,Qunfang,Qunfɑng,Qunfang,Qunfang,Qunfang,Qunfang
R,燕房线,,,,,饶乐府,RAOLEFU,RAOLEFU,Raole Fu,Rɑolefu,Raole Fu,Raole Fu,Raole Fu,Raole Fu
R,4号线大兴线,12号线,,,,人民大学,RENMIN University,RENMIN University,Renmin Univ.,Renmin Dɑxue (Renmin Univ.),Renmin Daxue (Renmin Univ.),Renmin Daxue (Renmin Univ.),Renmin Univ.,Renmin Univ.
R,亦庄线,亦庄T1线,,,,荣昌东街,RONGCHANGDONGJIE,RONGCHANGDONGJIE,Rongchang Dongjie,Rongchɑng Dongjie,Rongchang Dongjie,Rongchang Dongjie,Rongchang Dongjie,Rongchang Dongjie
R,亦庄线,,,,,荣京东街,RONGJINGDONGJIE,RONGJINGDONGJIE,Rongjing Dongjie,Rongjing Dongjie,Rongjing Dongjie,Rongjing Dongjie,Rongjing Dongjie,Rongjing Dongjie
R,亦庄T1线,,,,,融兴街,\,\,Rongxing Jie,Rongxing Jie,Rongxing Jie,Rongxing Jie,Rongxing Jie,Rongxing Jie
R,亦庄T1线,,,,,瑞合庄,\,\,Ruihe Zhuang,Ruihezhuɑng,Ruihe Zhuang,Ruihe Zhuang,Ruihe Zhuang,Ruihe Zhuang
S,10号线,12号线,首都机场线,,,三元桥,SANYUANQIAO,SANYUANQIAO,Sanyuan Qiao,Sɑnyuɑnqiɑo,Sanyuanqiao,Sanyuanqiao,Sanyuan Qiao,Sanyuan Qiao
S,8号线,,,,,森林公园南门,,South Gate of Forest Park,Forest Park South Gate,Senlin Gongyuɑn Nɑnmen (Forest Park South Gate),Senlin Gongyuan Nanmen (Forest Park South Gate),Senlin Gongyuan Nanmen (Forest Park South Gate),Senlin Gongyuan Nanmen (Forest Park South Gate),Senlin Gongyuan Nanmen (Forest Park South Gate)
S,昌平线,,,,,沙河,SHAHE,SHAHE,Shahe,Shɑhe,Shahe,Shahe,Shahe,Shahe
S,昌平线,,,,,沙河高教园,SHAHE University Park,SHAHE University Park,Shahe Univ. Park,Shɑhe Gɑojiɑoyuɑn,Shahe Univ. Park,Shahe Univ. Park,Shahe Univ. Park,Shahe Univ. Park
S,14号线,,,,,善各庄,SHAN'GEZHUANG,SHAN'GEZHUANG,Shan'gezhuang,Shɑngezhuɑng,Shan'gezhuang,Shan'gezhuang,Shan'gezhuang,Shan'gezhuang
S,S1线,,,,,上岸,SHANG'AN,SHANG'AN,Shang'an,Shɑng'ɑn,Shang'an,Shang'an,Shang'an,Shang'an
S,13号线,,,,,上地,SHANGDI,SHANGDI,Shangdi,Shɑngdi,Shangdi,Shangdi,Shangdi,Shangdi
S,18号线,,,,,上地软件园,\,\,\,\,\,\,\,Shangdi Software Park
S,10号线,13号线,,,,芍药居,SHAOYAOJU,SHAOYAOJU,Shaoyaoju,Shɑoyɑoju,Shaoyaoju,Shaoyaoju,Shaoyaoju,Shaoyaoju
S,8号线,,,,,什刹海,SHISHAHAI,SHISHAHAI,Shichahai,Shichɑhɑi,Shichahai,Shichahai,Shichahai,Shichahai
S,昌平线,,,,,生命科学园,Life Science Park,Life Science Park,Life Science Park,Shengming Kexueyuɑn,Life Science Park,Life Science Park,Life Science Park,Life Science Park
S,4号线大兴线,,,,,生物医药基地,Biomedical Base,Biomedical Base,Biomedical Base,Shengwu Yiyɑo Jidi,Biomedical Base,Biomedical Base,Biomedical Base,Biomedical Base
S,17号线,,,,,十八里店,\,\,\,Shibɑlidiɑn,Shibalidian,Shibalidian,Shibalidian,Shibalidian
S,6号线,,,,,十里堡,SHILIPU,SHILIPU,Shilipu,Shilipu,Shilipu,Shilipu,Shilipu,Shilipu
S,10号线,14号线,17号线,,,十里河,SHILIHE,SHILIHE,Shilihe,Shilihe,Shilihe,Shilihe,Shilihe,Shilihe
S,昌平线,,,,,十三陵景区,Ming Tombs,Ming Tombs,Ming Tombs,Shisɑnling Jingqu (Ming Tombs),Ming Tombs,Ming Tombs,Ming Tombs,Ming Tombs
S,S1线,,,,,石厂,SHICHANG,SHICHANG,Shichang,Shichɑng,Shichang,Shichang,Shichang,Shichang
S,3号线,,,,,石佛营,\,\,\,\,\,\,Shifoying,Shifoying
S,10号线,,,,,石榴庄,SHILIUZHUANG,SHILIUZHUANG,Shiliuzhuang,Shiliuzhuɑng,Shiliuzhuang,Shiliuzhuang,Shiliuzhuang,Shiliuzhuang
S,15号线,,,,,石门,SHIMEN,SHIMEN,Shimen,Shimen,Shimen,Shimen,Shimen,Shimen
S,10号线,房山线,,,,首经贸,SHOUJINGMAO,SHOUJINGMAO,Shoujingmao,Shoujingmɑo (Capital Univ. of Economics and Business),Capital Univ. of Economics and Business,Capital Univ. of Economics and Business,Capital Univ. of Economics and Business,Capital Univ. of Economics and Business
S,7号线,,,,,双合,\,Shuang He,Shuanghe,Shuɑnghe,Shuanghe,Shuanghe,Shuanghe,Shuanghe
S,7号线,10号线,,,,双井,SHUANGJING,Shuang Jing,Shuangjing,Shuɑngjing,Shuangjing,Shuangjing,Shuangjing,Shuangjing
S,1号线八通线,,,,,双桥,SHUANGQIAO,Shuang Qiao,Shuang Qiao,Shuɑngqiɑo,Shuang Qiao,Shuang Qiao,Shuang Qiao,Shuang Qiao
S,15号线,,,,,顺义,SHUNYI,SHUNYI,Shunyi,Shunyi,Shunyi,Shunyi,Shunyi,Shunyi
S,S1线,,,,,四道桥,SIDAOQIAO,SIDAOQIAO,Sidao Qiao,Sidɑoqiɑo,Sidao Qiao,Sidao Qiao,Sidao Qiao,Sidao Qiao
S,亦庄T1线,,,,,四海庄,\,\,Sihai Zhuang,Sihɑizhuɑng,Sihai Zhuang,Sihai Zhuang,Sihai Zhuang,Sihai Zhuang
S,1号线八通线,,,,,四惠,SIHUI,Si Hui,Sihui,Sihui,Sihui,Sihui,Sihui,Sihui
S,1号线八通线,,,,,四惠东,SIHUI East,Si Hui Dong(E),Sihui Dong (E),Sihuidong,Sihui Dong (E),Sihui Dong (E),Sihui Dong (E),Sihui Dong (E)
S,12号线,,,,,四季青桥,\,\,\,\,\,\,Sijiqing Qiao,Sijiqing Qiao
S,5号线,10号线,亦庄线,,,宋家庄,SONGJIAZHUANG,SONGJIAZHUANG,Songjiazhuang,Songjiɑzhuɑng,Songjiazhuang,Songjiazhuang,Songjiazhuang,Songjiazhuang
S,10号线,16号线,,,,苏州街,SUZHOUJIE,SUZHOUJIE,Suzhou Jie,Suzhou Jie,Suzhou Jie,Suzhou Jie,Suzhou Jie,Suzhou Jie
S,12号线,16号线,,,,苏州桥,\,\,Suzhou Qiao,Suzhouqiɑo,Suzhou Qiao,Suzhou Qiao,Suzhou Qiao,Suzhou Qiao
S,房山线,,,,,苏庄,SUZHUANG,SUZHUANG,Suzhuang,Suzhuɑng,Suzhuang,Suzhuang,Suzhuang,Suzhuang
S,15号线,,,,,孙河,SUNHE,SUNHE,Sunhe,Sunhe,Sunhe,Sunhe,Sunhe,Sunhe
T,亦庄T1线,,,,,太和桥北,\,\,Taihe Qiao Bei (N),Tɑiheqiɑobei,Taihe Qiao Bei (N),Taihe Qiao Bei (N),Taihe Qiao Bei (N),Taihe Qiao Bei (N)
T,19号线,,,,,太平桥,\,\,\,Tɑipingqiɑo,Taipingqiao,Taipingqiao,Taipingqiao,Taipingqiao
T,18号线,,,,,太平庄,\,\,\,\,\,\,\,Taipingzhuang
T,10号线,17号线,,,,太阳宫,TAIYANGGONG,TAIYANGGONG,Taiyanggong,Tɑiyɑnggong,Taiyanggong,Taiyanggong,Taiyanggong,Taiyanggong
T,亦庄T1线,,,,,泰河路,\,\,Taihe Lu,Tɑihe Lu,Taihe Lu,Taihe Lu,Taihe Lu,Taihe Lu
T,14号线,,,,,陶然桥,TAORANQIAO,TAORANQIAO,Taoran Qiao,Tɑorɑnqiɑo,Taoran Qiao,Taoran Qiao,Taoran Qiao,Taoran Qiao
T,4号线大兴线,,,,,陶然亭,TAORANTING,TAORANTING,Taoranting,Tɑorɑnting,Taoranting,Taoranting,Taoranting,Taoranting
T,1号线八通线,,,,,天安门东,TIAN'ANMEN East,TIAN'ANMEN East,Tian'anmen Dong (E),Tiɑn'ɑnmendong,Tian'anmendong,Tian'anmendong,Tian'anmendong,Tian'anmendong
T,1号线八通线,,,,,天安门西,TIAN'ANMEN West,TIAN'ANMEN West,Tian'anmen Xi (W),Tiɑn'ɑnmenxi,Tian'anmenxi,Tian'anmenxi,Tian'anmenxi,Tian'anmenxi
T,4号线大兴线,,,,,天宫院,TIAN'GONGYUAN,TIAN'GONGYUAN,Tiangong Yuan,Tiɑngongyuɑn,Tiangong Yuan,Tiangong Yuan,Tiangong Yuan,Tiangong Yuan
T,8号线,,,,,天桥,Tian Qiao,Tian Qiao,Tianqiao,Tiɑnqiɑo,Tianqiao,Tianqiao,Tianqiao,Tianqiao
T,5号线,,,,,天坛东门,TIANTANDONGMEN,TIANTANDONGMEN,Temple of Heaven East Gate,Tiɑntɑn Dongmen (Temple of Heaven East Gate),Temple of Heaven East Gate,Temple of Heaven East Gate,Temple of Heaven East Gate,Temple of Heaven East Gate
T,5号线,18号线,,,,天通苑,TIANTONGYUAN,TIANTONGYUAN,Tiantong Yuan,Tiɑntongyuɑn,Tiantong Yuan,Tiantong Yuan,Tiantong Yuan,Tiantongyuan
T,5号线,,,,,天通苑北,TIANTONGYUAN North,TIANTONGYUAN North,Tiantongyuan Bei (N),Tiɑntongyuɑnbei,Tiantongyuan Bei (N),Tiantongyuan Bei (N),Tiantongyuan Bei (N),Tiantongyuan Bei (N)
T,17号线,18号线,,,,天通苑东,\,\,\,\,\,Tiantongyuandong,Tiantongyuandong,Tiantongyuandong
T,5号线,,,,,天通苑南,TIANTONGYUAN South,TIANTONGYUAN South,Tiantongyuan Nan (S),Tiɑntongyuɑnnɑn,Tiantongyuan Nan (S),Tiantongyuan Nan (S),Tiantongyuan Nan (S),Tiantongyuan Nan (S)
T,6号线,,,,,田村,Tian Cun,Tian Cun,Tiancun,Tiɑncun,Tiancun,Tiancun,Tiancun,Tiancun
T,6号线,,,,,通运门,TONGYUNMEN,TONGYUNMEN,Tongyun Men,Tongyunmen,Tongyun Men,Tongyun Men,Tongyun Men,Tongyun Men
T,6号线,,,,,通州北关,TONGZHOU BEIGUAN,TONGZHOUBEIGUAN,Tongzhou Beiguan,Tongzhou Beiguɑn,Tongzhou Beiguan,Tongzhou Beiguan,Tongzhou Beiguan,Tongzhou Beiguan
T,6号线,,,,,通州北苑,TONGZHOU BEIYUAN,Tongzhou Beiyuan,Tongzhou Beiyuan,Tongzhou Beiyuɑn,Tongzhou Beiyuan,Tongzhou Beiyuan,Tongzhou Beiyuan,Tongzhou Beiyuan
T,亦庄线,,,,,同济南路,TONGJINALU,TONGJINALU,Tongji Nanlu,Tongji Nɑnlu,Tongji Nanlu,Tongji Nanlu,Tongji Nanlu,Tongji Nanlu
T,1号线八通线,,,,,土桥,TUQIAO,Tu Qiao,Tu Qiao,Tuqiɑo,Tu Qiao,Tu Qiao,Tu Qiao,Tu Qiao
T,3号线,10号线,,,,团结湖,TUANJIEHU,TUANJIEHU,Tuanjiehu,Tuɑnjiehu,Tuanjiehu,Tuanjiehu,Tuanjiehu,Tuanjiehu
T,16号线,,,,,屯佃,TUNDIAN,TUNDIAN,Tundian,Tundiɑn,Tundian,Tundian,Tundian,Tundian
T,12号线,,,,,驼房营,\,\,\,\,\,\,Tuofangying,Tuofangying
W,7号线,,,,,湾子,WANZI,Wan Zi,Wanzi,Wɑnzi,Wanzi,Wanzi,Wanzi,Wanzi
W,16号线,,,,,宛平城,\,\,\,\,\,Wanpingcheng,Wanpingcheng,Wanpingcheng
W,西郊线,,,,,万安,WANAN,WANAN,Wan'an,Wɑn'ɑn,Wan'an,Wan'an,Wan'an,Wan'an
W,16号线,,,,,万泉河桥,\,\,Wanquanhe Qiao,Wɑnquɑnheqiɑo,Wanquanhe Qiao,Wanquanhe Qiao,Wanquanhe Qiao,Wanquanhe Qiao
W,7号线,,,,,万盛东,\,Wansheng Dong(E),Wansheng Dong (E),Wɑnshengdong,Wansheng Dong (E),Wansheng Dong (E),Wansheng Dong (E),Wansheng Dong (E)
W,7号线,,,,,万盛西,\,Wansheng Xi(W),Wansheng Xi (W),Wɑnshengxi,Wansheng Xi (W),Wansheng Xi (W),Wansheng Xi (W),Wansheng Xi (W)
W,1号线八通线,,,,,万寿路,WANSHOULU,WANSHOULU,Wanshou Lu,Wɑnshou Lu,Wanshou Lu,Wanshou Lu,Wanshou Lu,Wanshou Lu
W,16号线,,,,,万寿寺,\,WANSHOUSI,Wanshou Si,Wɑnshousi,Wanshou Si,Wanshou Si,Wanshou Si,Wanshou Si
W,亦庄线,,,,,万源街,WANYUANJIE,WANYUANJIE,Wanyuan Jie,Wɑnyuɑn Jie,Wanyuan Jie,Wanyuan Jie,Wanyuan Jie,Wanyuan Jie
W,1号线八通线,8号线,,,,王府井,WANGFUJING,WANGFUJING,Wangfujing,Wɑngfujing,Wangfujing,Wangfujing,Wangfujing,Wangfujing
W,14号线,15号线,,,,望京,WANGJING,WANGJING,Wangjing,Wɑngjing,Wangjing,Wangjing,Wangjing,Wangjing
W,15号线,,,,,望京东,WANGJING East,WANGJING East,Wangjing Dong (E),Wɑngjingdong,Wangjing Dong (E),Wangjing Dong (E),Wangjing Dong (E),Wangjing Dong (E)
W,14号线,,,,,望京南,WANGJING South,WANGJING South,Wangjing Nan (S),Wɑngjingnɑn,Wangjing Nan (S),Wangjing Nan (S),Wangjing Nan (S),Wangjing Nan (S)
W,13号线,15号线,17号线,,,望京西,WANGJING West,WANGJING West,Wangjing Xi (W),Wɑngjingxi,Wangjing Xi (W),Wangjing Xi (W),Wangjing Xi (W),Wangjing Xi (W)
W,17号线,,,,,未来科学城,\,\,\,\,\,Weilaikexuecheng (Future Science City),Weilaikexuecheng (Future Science City),Weilaikexuecheng (Future Science City)
W,17号线,,,,,未来科学城北,\,\,\,\,\,Weilaikexuechengbei (Future Science City North),Weilaikexuechengbei (Future Science City North),Weilaikexuechengbei (Future Science City North)
W,4号线大兴线,,,,,魏公村,WEIGONGCUN,WEIGONGCUN,Weigongcun,Weigongcun,Weigongcun,Weigongcun,Weigongcun,Weigongcun
W,16号线,,,,,温阳路,WENYANGLU,WENYANGLU,Wenyang Lu,Wenyɑng Lu,Wenyang Lu,Wenyang Lu,Wenyang Lu,Wenyang Lu
W,18号线,,,,,文华路,\,\,\,\,\,\,\,Wenhualu
W,13号线,,,,,五道口,WUDAOKOU,WUDAOKOU,Wudao Kou,Wudɑokou,Wudao Kou,Wudao Kou,Wudao Kou,Wudao Kou
W,8号线,,,,,五福堂,WUFUTANG,WUFUTANG,Wufutang,Wufutɑng,Wufutang,Wufutang,Wufutang,Wufutang
W,1号线八通线,,,,,五棵松,WUKESONG,WUKESONG,Wukesong,Wukesong,Wukesong,Wukesong,Wukesong,Wukesong
W,6号线,,,,,物资学院路,WUZIXUEYUANLU,WUZIXUEYUANLU,Wuzi Xueyuan Lu,Wuzi Xueyuɑn Lu,Wuzi Xueyuan Lu,Wuzi Xueyuan Lu,Wuzi Xueyuan Lu,Wuzi Xueyuan Lu
X,12号线,17号线,,,,西坝河,\,\,\,\,\,Xibahe,Xibahe,Xibahe
X,16号线,,,,,西北旺,XIBEIWANG,XIBEIWANG,Xibeiwang,Xibeiwɑng,Xibeiwang,Xibeiwang,Xibeiwang,Xibeiwang
X,1号线八通线,4号线大兴线,,,,西单,XIDAN,XIDAN,Xidan,Xidɑn,Xidan,Xidan,Xidan,Xidan
X,10号线,,,,,西钓鱼台,XIDIAOYUTAI,XIDIAOYUTAI,Xidiaoyutai,Xidiɑoyutɑi,Xidiaoyutai,Xidiaoyutai,Xidiaoyutai,Xidiaoyutai
X,13号线,昌平线,,,,西二旗,XIERQI,XIERQI,Xi'erqi,Xi'erqi,Xi'erqi,Xi'erqi,Xi'erqi,Xi'erqi
X,4号线大兴线,,,,,西红门,XIHONGMEN,XIHONGMEN,Xihong Men,Xihongmen,Xihong Men,Xihong Men,Xihong Men,Xihong Men
X,6号线,,,,,西黄村,Xihuang Cun,Xihuang Cun,Xihuangcun,Xihuɑngcun,Xihuangcun,Xihuangcun,Xihuangcun,Xihuangcun
X,10号线,14号线,,,,西局,XIJU,XIJU,Xiju,Xiju,Xiju,Xiju,Xiju,Xiju
X,4号线大兴线,,,,,西四,XISI,XISI,Xisi,Xisi,Xisi,Xisi,Xisi,Xisi
X,14号线,,,,,西铁营,\,\,\,Xitieying,Xitieying,Xitieying,Xitieying,Xitieying
X,10号线,昌平线,,,,西土城,XITUCHENG,XITUCHENG,Xitucheng,Xitucheng,Xitucheng,Xitucheng,Xitucheng,Xitucheng
X,8号线,,,,,西小口,XIXIAOKOU,XIXIAOKOU,Xixiao Kou,Xixiɑokou,Xixiao Kou,Xixiao Kou,Xixiao Kou,Xixiao Kou
X,4号线大兴线,16号线,,,,西苑,XIYUAN,XIYUAN,Xi Yuan,Xiyuɑn,Xi Yuan,Xi Yuan,Xi Yuan,Xi Yuan
X,2号线,4号线大兴线,13号线,,,西直门,XIZHIMEN,XIZHIMEN,Xizhi Men,Xizhimen,Xizhimen,Xizhimen,Xizhimen,Xizhimen
X,西郊线,,,,,香山,Fragrant Hills,Fragrant Hills,Xiangshan,Xiɑngshɑn (Fragrant Hills),Fragrant Hills,Fragrant Hills,Fragrant Hills,Fragrant Hills
X,亦庄线,,,,,肖村,XIAOCUN,XIAOCUN,Xiaocun,Xiɑocun,Xiaocun,Xiaocun,Xiaocun,Xiaocun
X,亦庄线,,,,,小红门,XIAOHONGMEN,XIAOHONGMEN,Xiaohong Men,Xiɑohongmen,Xiaohong Men,Xiaohong Men,Xiaohong Men,Xiaohong Men
X,S1线,,,,,小园,XIAOYUAN,XIAOYUAN,Xiaoyuan,Xiɑoyuɑn,Xiaoyuan,Xiaoyuan,Xiaoyuan,Xiaoyuan
X,19号线,,,,,新发地,\,\,\,Xinfɑdi,Xinfadi,Xinfadi,Xinfadi,Xinfadi
X,4号线大兴线,19号线,,,,新宫,XIN'GONG,XIN'GONG,Xin Gong,Xingong,Xingong,Xingong,Xingong,Xingong
X,4号线大兴线,,,,,新街口,XINJIEKOU,XINJIEKOU,Xinjie Kou,Xinjiekou,Xinjie Kou,Xinjie Kou,Xinjie Kou,Xinjie Kou
X,11号线,,,,,新首钢,\,\,\,Xinshougɑng (Shougang Park),Xinshougang (Shougang Park),Xinshougang (Shougang Park),Xinshougang (Shougang Park),Xinshougang (Shougang Park)
X,燕房线,,,,,星城,XINGCHENG,XINGCHENG,Xingcheng,Xingcheng,Xingcheng,Xingcheng,Xingcheng,Xingcheng
X,2号线,4号线大兴线,,,,宣武门,XUANWUMEN,XUANWUMEN,Xuanwu Men,Xuɑnwumen,Xuanwu Men,Xuanwu Men,Xuanwu Men,Xuanwu Men
X,昌平线,,,,,学院桥,\,\,\,\,Xueyuanqiao,Xueyuanqiao,Xueyuanqiao,Xueyuanqiao
X,昌平线,,,,,学知园,\,\,\,\,Xuezhiyuan,Xuezhiyuan,Xuezhiyuan,Xuezhiyuan
Y,燕房线,,,,,阎村,YANCUN,YANCUN,Yancun,Yɑncun,Yancun,Yancun,Yancun,Yancun
Y,房山线,燕房线,,,,阎村东,YANCUN East,YANCUN East,Yancun Dong (E),Yɑncundong,Yancun Dong (E),Yancun Dong (E),Yancun Dong (E),Yancun Dong (E)
Y,燕房线,,,,,燕山,YANSHAN,YANSHAN,Yanshan,Yɑnshɑn,Yanshan,Yanshan,Yanshan,Yanshan
Y,6号线,,,,,杨庄,Yang Zhuang,Yang Zhuang,Yangzhuang,Yɑngzhuɑng,Yangzhuang,Yangzhuang,Yangzhuang,Yangzhuang
Y,3号线,,,,,姚家园,\,\,\,\,\,\,Yaojiayuan,Yaojiayuan
Y,西郊线,,,,,颐和园西门,West Gate of Summer Palace,West Gate of Summer Palace,Summer Palace West Gate,Yiheyuɑn Ximen (Summer Palace West Gate),Summer Palace West Gate,Summer Palace West Gate,Summer Palace West Gate,Summer Palace West Gate
Y,4号线大兴线,,,,,义和庄,YIHEZHUANG,YIHEZHUANG,Yihezhuang,Yihezhuɑng,Yihezhuang,Yihezhuang,Yihezhuang,Yihezhuang
Y,亦庄T1线,,,,,亦创会展中心,\,\,Beijing Etrong International Exhibition & Convention Center,Yichuɑng Huizhɑn Zhongxin (Beijing Etrong Int’l Exhibition & Convention Center),Beijing Etrong International Exhibition & Convention Center,Beijing Etrong International Exhibition & Convention Center,Beijing Etrong International Exhibition & Convention Center,Beijing Etrong International Exhibition & Convention Center
Y,亦庄线,,,,,亦庄火车站,YIZHUANG Railway Station,YIZHUANG Railway Station,Yizhuang Railway Station,Yizhuɑng Huochezhɑn (Yizhuang Railway Station),Yizhuang Railway Station,Yizhuang Railway Station,Yizhuang Railway Station,Yizhuang Railway Station
Y,亦庄线,,,,,亦庄桥,YIZHUANGQIAO,YIZHUANGQIAO,Yizhuang Qiao,Yizhuɑngqiɑo,Yizhuang Qiao,Yizhuang Qiao,Yizhuang Qiao,Yizhuang Qiao
Y,亦庄T1线,,,,,亦庄同仁,\,\,Yizhuang Tongren,Yizhuɑng Tongren,Yizhuang Tongren,Yizhuang Tongren,Yizhuang Tongren,Yizhuang Tongren
Y,亦庄线,,,,,亦庄文化园,YIZHUANG Culture Park,YIZHUANG Culture Park,Yizhuang Culture Park,Yizhuɑng Wenhuɑyuɑn (Yizhuang Culture Park),Yizhuang Culture Park,Yizhuang Culture Park,Yizhuang Culture Park,Yizhuang Culture Park
Y,8号线,,,,,瀛海,Yinghai,Yinghai,Yinghai,Yinghɑi,Yinghai,Yinghai,Yinghai,Yinghai
Y,2号线,5号线,,,,雍和宫,YONGHEGONG Lama Temple,YONGHEGONG Lama Temple,Yonghegong Lama Temple,Yonghegong (Lama Temple),Yonghegong Lama Temple,Yonghegong Lama Temple,Yonghegong Lama Temple,Yonghegong Lama Temple
Y,1号线八通线,17号线,,,,永安里,YONG'ANLI,YONG'ANLI,Yong'an Li,Yong'ɑnli,Yong'an Li,Yong'an Li,Yong'an Li,Yong'an Li
Y,8号线,14号线,,,,永定门外,YONGDINGMENWAI,YONGDINGMENWAI,Yongdingmen Wai,Yongdingmenwɑi,Yongdingmenwai,Yongdingmenwai,Yongdingmenwai,Yongdingmenwai
Y,16号线,,,,,永丰,YONGFENG,YONGFENG,Yongfeng,Yongfeng,Yongfeng,Yongfeng,Yongfeng,Yongfeng
Y,16号线,,,,,永丰南,YONGFENG South,YONGFENGNA,Yongfeng Nan (S),Yongfengnɑn,Yongfeng Nan (S),Yongfeng Nan (S),Yongfeng Nan (S),Yongfeng Nan (S)
Y,8号线,,,,,永泰庄,YONGTAIZHUANG,YONGTAIZHUANG,Yongtaizhuang,Yongtɑizhuɑng,Yongtaizhuang,Yongtaizhuang,Yongtaizhuang,Yongtaizhuang
Y,16号线,,,,,榆树庄,\,\,\,\,Yushuzhuang,Yushuzhuang,Yushuzhuang,Yushuzhuang
Y,1号线八通线,,,,,玉泉路,YUQUANLU,YUQUANLU,Yuquan Lu,Yuquɑn Lu,Yuquan Lu,Yuquan Lu,Yuquan Lu,Yuquan Lu
Y,16号线,,,,,玉渊潭东门,\,\,\,Yuyuɑntɑn Dongmen (Yuyuantan Park East Gate),Yuyuantan Dongmen (Yuyuantan Park East Gate),Yuyuantan Dongmen (Yuyuantan Park East Gate),Yuyuantan Dongmen (Yuyuantan Park East Gate),Yuyuantan Dongmen (Yuyuantan Park East Gate)
Y,8号线,,,,,育新,YUXIN,YUXIN,Yuxin,Yuxin,Yuxin,Yuxin,Yuxin,Yuxin
Y,8号线,,,,,育知路,YUZHILU,YUZHILU,Yuzhi Lu,Yuzhi Lu,Yuzhi Lu,Yuzhi Lu,Yuzhi Lu,Yuzhi Lu
Y,14号线,,,,,园博园,Garden Expo Park,Garden Expo Park,Garden Expo Park,Yuɑnboyuɑn (Garden Expo Park),Garden Expo Park,Garden Expo Park,Garden Expo Park,Garden Expo Park
Y,4号线大兴线,,,,,圆明园,YUANMINGYUAN Park,YUANMINGYUAN Park,Yuanmingyuan Park,Yuɑnmingyuɑn (Yuanmingyuan Park),Yuanmingyuan Park,Yuanmingyuan Park,Yuanmingyuan Park,Yuanmingyuan Park
Z,14号线,,,,,枣营,ZAOYING,ZAOYING,Zaoying,Zɑoying,Zaoying,Zaoying,Zaoying,Zaoying
Z,4号线大兴线,,,,,枣园,ZAOYUAN,ZAOYUAN,Zaoyuan,Zɑoyuɑn,Zaoyuan,Zaoyuan,Zaoyuan,Zaoyuan
Z,14号线,,,,,张郭庄,ZHANGGUOZHUANG,ZHANGGUOZHUANG,Zhangguozhuang,Zhɑngguozhuɑng,Zhangguozhuang,Zhangguozhuang,Zhangguozhuang,Zhangguozhuang
Z,5号线,,,,,张自忠路,ZHANGZIZHONGLU,ZHANGZIZHONGLU,Zhangzizhong Lu,Zhɑngzizhong Lu,Zhangzizhong Lu,Zhangzizhong Lu,Zhangzizhong Lu,Zhangzizhong Lu
Z,10号线,,,,,知春里,ZHICHUNLI,ZHICHUNLI,Zhichun Li,Zhichunli,Zhichun Li,Zhichun Li,Zhichun Li,Zhichun Li
Z,10号线,13号线,,,,知春路,ZHICHUNLU,ZHICHUNLU,Zhichun Lu,Zhichun Lu,Zhichun Lu,Zhichun Lu,Zhichun Lu,Zhichun Lu
Z,4号线大兴线,,,,,中关村,ZHONGGUANCUN,ZHONGGUANCUN,Zhongguancun,Zhongguɑncun,Zhongguancun,Zhongguancun,Zhongguancun,Zhongguancun
Z,8号线,,,,,中国美术馆,National Art Museum,National Art Museum,National Art Museum,Zhongguo Meishuguɑn (National Art Museum),Zhongguo Meishuguan (National Art Museum),Zhongguo Meishuguan (National Art Museum),Zhongguo Meishuguan (National Art Museum),Zhongguo Meishuguan (National Art Museum)
Z,17号线,,,,,周家庄,\,\,\,Zhoujiɑzhuɑng,Zhoujiazhuang,Zhoujiazhuang,Zhoujiazhuang,Zhoujiazhuang
Z,昌平线,,,,,朱房北,\,\,\,\,Zhufangbei,Zhufangbei,Zhufangbei,Zhufangbei
Z,8号线,昌平线,,,,朱辛庄,ZHUXINZHUANG,ZHUXINZHUANG,Zhuxinzhuang,Zhuxinzhuɑng,Zhuxinzhuang,Zhuxinzhuang,Zhuxinzhuang,Zhuxinzhuang
Z,7号线,8号线,,,,珠市口,ZHISHIKOU,Zhu Shi Kou,Zhushi Kou,Zhushikou,Zhushikou,Zhushikou,Zhushikou,Zhushikou
Z,燕房线,,,,,紫草坞,ZICAOWU,ZICAOWU,Zicaowu,Zicɑowu,Zicaowu,Zicaowu,Zicaowu,Zicaowu
Z,17号线,,,,,左家庄,\,\,\,\,\,Zuojiazhuang,Zuojiazhuang,Zuojiazhuang